id,cin,company_name,status,roc,company_type,incorporation_date,email,website,address,state,city,authorized_capital,paid_up_capital,company_category,company_subcategory,source_url,content_hash,scraped_at,updated_at
19,AAE-6126,PACIFIC INFRABUILD LLP,,RoC-Delhi,45,2015-08-24,jainvarun23@hotmail.com,https://www.zaubacorp.com/PACIFIC-INFRABUILD-LLP-AAE-6126,"Farm No. 10, North Drive KH No. 733/2 DLF Chatarpur New Delhi South Delhi DL 110030 IN",Delhi,Delhi South Delhi,,,,,https://www.zaubacorp.com/PACIFIC-INFRABUILD-LLP-AAE-6126,d22603ab0995330f5709638fc844acbb,2026-05-14T13:28:56.509735+00:00,2026-05-14T13:28:56.509735+00:00
20,AAF-1027,AFFAIRS EVENT MANAGEMENT LLP,,RoC-Gwalior,93,2015-10-28,apurvavohra9@gmail.com,https://www.zaubacorp.com/AFFAIRS-EVENT-MANAGEMENT-LLP-AAF-1027,P-1 Morya Palace 5/1 Diamond Colony New Palasia indore Indore MP 452001 IN,Madhya Pradesh,Indore,,,,,https://www.zaubacorp.com/AFFAIRS-EVENT-MANAGEMENT-LLP-AAF-1027,4bb629196ecce160d170b31954c23e1a,2026-05-14T13:29:05.150766+00:00,2026-05-14T13:29:05.150766+00:00
21,AAF-8155,VIPANI ONLINE SHOPPING PORTAL LLP,,RoC-Ernakulam,52,2016-02-29,vinodinkeralam@gmail.com,https://www.zaubacorp.com/VIPANI-ONLINE-SHOPPING-PORTAL-LLP-AAF-8155,"DOOR NO:13/507B-50,51, 3rd FLOOR, ""YAMUNA ARCADE"",CHALICHANKANDY PARAMBA,K ALLAI ROAD CALICUT Kozhikode KL 673002 IN",Kerala,ROAD CALICUT Kozhikode,,,,,https://www.zaubacorp.com/VIPANI-ONLINE-SHOPPING-PORTAL-LLP-AAF-8155,ab5f2054f74d9f8dedc5af21c1dca60f,2026-05-14T13:29:11.481412+00:00,2026-05-14T13:29:11.481412+00:00
22,AAF-9145,ARMADILLO REALTY LLP,,RoC-Mumbai,45,2016-03-11,hsecretarial@rediffmail.com,https://www.zaubacorp.com/ARMADILLO-REALTY-LLP-AAF-9145,"514 Dalamal Towers, 211 FPJ Marg, Nariman Point, Mumbai MUMBAI Mumbai City MH 400021 IN",Maharashtra,MUMBAI Mumbai City,,,,,https://www.zaubacorp.com/ARMADILLO-REALTY-LLP-AAF-9145,3bdaad7e3f54e1f36b7107d0125dbd2f,2026-05-14T13:29:17.427715+00:00,2026-05-14T13:29:17.427715+00:00
23,AAG-0314,AJAY AGGARWAL PROPERTIES LLP,,RoC-Delhi,70,2016-03-22,dept2007@rediffmail.com,https://www.zaubacorp.com/AJAY-AGGARWAL-PROPERTIES-LLP-AAG-0314,"LGF-10, VASANT SQUARE, PLOT-A, SECTOR-B, POCKET-V, COMMUNITY CENTRE, VASANT KUNJ NEW DELHI South West Delhi DL 110090 IN",Delhi,South West Delhi,,,,,https://www.zaubacorp.com/AJAY-AGGARWAL-PROPERTIES-LLP-AAG-0314,00a3a7aa56eb68c24be41a482a2283c4,2026-05-14T13:29:23.7763+00:00,2026-05-14T13:29:23.7763+00:00
24,AAG-4170,BEFREE BUSINESS RESOURCING LLP,,RoC-Ahmedabad,74,2016-05-20,jigneshk@befree.com.au,https://www.zaubacorp.com/BEFREE-BUSINESS-RESOURCING-LLP-AAG-4170,"SWASTIK COMPLEX, 21/22, 1ST FLOOR, TOWER CHOWK, S. T. ROAD, VERAVAL Junagadh GJ 362265 IN",Gujarat,"ROAD, VERAVAL Junagadh",,,,,https://www.zaubacorp.com/BEFREE-BUSINESS-RESOURCING-LLP-AAG-4170,532c9d9c8cec63c227b165ed75de1912,2026-05-14T13:29:31.047572+00:00,2026-05-14T13:29:31.047572+00:00
25,AAG-4332,VIRAT PROMOTERS LLP,,RoC-Delhi,70,2016-05-23,rakesh.k.gupta@hotmail.com,https://www.zaubacorp.com/VIRAT-PROMOTERS-LLP-AAG-4332,"A-68, New Friends Colony New Delhi South Delhi DL 110065 IN",Delhi,Delhi South Delhi,,,,,https://www.zaubacorp.com/VIRAT-PROMOTERS-LLP-AAG-4332,68b466a910d387db00cc08c600319195,2026-05-14T13:29:37.107875+00:00,2026-05-14T13:29:37.107875+00:00
26,AAF-2865,SRI KRISHNA FREEHOLD LLP,,,70,2015-12-08,INFO@ASIATAXZONE.COM,https://www.zaubacorp.com/SRI-KRISHNA-FREEHOLD-LLP-AAF-2865,"1/5522 PLOT NO-20,GALI NO-16,BALBIR NAGAR EXT. OPPOSITE SHIV MANDIR DELHI East Delhi DL 110032 IN",Delhi,DELHI East Delhi,,,,,https://www.zaubacorp.com/SRI-KRISHNA-FREEHOLD-LLP-AAF-2865,29afb9d30af40f2adf0d1c3f8164af82,2026-05-14T13:30:07.116262+00:00,2026-05-14T13:30:07.116262+00:00
27,AAF-1860,SOLSKEN ENERGY LLP,,RoC-Jaipur,40,2015-11-19,akshchat17@gmail.com,https://www.zaubacorp.com/SOLSKEN-ENERGY-LLP-AAF-1860,"ROOM NO. 101, PAHAL HOTEL C-4, RIICO INDUSTRIAL AREA BHIWADI Alwar RJ 301019 IN",Rajasthan,AREA BHIWADI Alwar,,,,,https://www.zaubacorp.com/SOLSKEN-ENERGY-LLP-AAF-1860,3d46a9bd8fdcc7b6c5e96c1fa7aeb71e,2026-05-14T13:30:14.797837+00:00,2026-05-14T13:30:14.797837+00:00
28,AAE-9623,REINA CONSULTING LLP,,RoC-Delhi,74,2016-01-22,aroradeepak10@gmail.com,https://www.zaubacorp.com/REINA-CONSULTING-LLP-AAE-9623,"PPJ-151 Park Place DLF City Phase -V IN, DLF Gur gaon Gurgaon Gurgaon HR 122009 IN",Haryana,Gurgaon Gurgaon,,,,,https://www.zaubacorp.com/REINA-CONSULTING-LLP-AAE-9623,fe26f2c42370cee8a8b3ba7aff086ef9,2026-05-14T13:30:28.730298+00:00,2026-05-14T13:30:28.730298+00:00
29,U72200TG1990PTC011250,NCORE TECHNOLOGY PVT LTD,Active,ROC Hyderabad,,1990-04-24,,https://www.zaubacorp.com/NCORE-TECHNOLOGY-PVT-LTD-U72200TG1990PTC011250,"2-2-12/7, D D COLONY HYDERABAD   , NA, Telangana, India - 000000",Telangana,-,,,Company limited by shares,Non-government company,https://www.zaubacorp.com/NCORE-TECHNOLOGY-PVT-LTD-U72200TG1990PTC011250,8ce65956fb3246c5a7932ce9b3f6269c,2026-05-14T13:31:06.543837+00:00,2026-05-14T13:31:06.543837+00:00
30,U74999PN2017PTC172044,AKHEALTH BUSINESS SOLUTION PRIVATE LIMITED,Strike Off,ROC Pune,,2017-08-16,ashish.coding@gmail.com,https://www.zaubacorp.com/AKHEALTH-BUSINESS-SOLUTION-PRIVATE-LIMITED-U74999PN2017PTC172044,"FL 3, SAI PALACE, WING P-1 S NO 150/A/12 BHUSARI COL   , PUNE, Maharashtra, India - 411038",Maharashtra,-,,,Company limited by shares,Non-government company,https://www.zaubacorp.com/AKHEALTH-BUSINESS-SOLUTION-PRIVATE-LIMITED-U74999PN2017PTC172044,a251260811cac74a02f0e997f438e7e6,2026-05-14T13:31:13.18247+00:00,2026-05-14T13:31:13.18247+00:00
31,U74990MH2009FTC194075,PWC STRATEGY& (INDIA) PRIVATE LIMITED,Active,RoC-Mumbai,,2009-07-14,nilesh.narwekar@strategyand.in.pwc.com,https://www.zaubacorp.com/PWC-STRATEGY-AND-INDIA-PRIVATE-LIMITED-U74990MH2009FTC194075,"Swatantryaveer Savarkar Rashtriya Smarak, 252 Veer Savarkar Marg, Shivaji Park, Dadar (W) Mumbai Mumbai City MH 400028 IN",Maharashtra,Mumbai Mumbai City,,,Company limited by Shares,Subsidiary of Foreign Company,https://www.zaubacorp.com/PWC-STRATEGY-AND-INDIA-PRIVATE-LIMITED-U74990MH2009FTC194075,df717db3a64cf1580f1c8512dd0e5943,2026-05-14T13:31:45.933301+00:00,2026-05-14T13:31:45.933301+00:00
32,U85100MH2014PTC258481,MEQUISYS SOLUTIONS PRIVATE LIMITED,Active,ROC Mumbai,,2014-09-30,mequisyssolution@gmail.com,https://www.zaubacorp.com/MEQUISYS-SOLUTIONS-PRIVATE-LIMITED-U85100MH2014PTC258481,"12 FLOOR, D WING, TRADE WORLD, KAMALA CITY, SENAPATI BAPAT MARG,   , LOWER PAREL WEST, Maharashtra, India - 400013",Maharashtra,-,,,Company limited by shares,Non-government company,https://www.zaubacorp.com/PROLOGY-IT-SOLUTIONS-PRIVATE-LIMITED-U74120MH2014PTC258481,8b0495377abed52358cc2b17e415c9d9,2026-05-14T13:32:17.757739+00:00,2026-05-14T13:32:17.757739+00:00
33,U70100KA2005PTC042122,PRIMROSE REALTY PROJECTS (BANGALORE) PRIVATE LIMITED,Active,ROC Bangalore,,2005-06-03,secretarial@vaswanigroup.com,https://www.zaubacorp.com/PRIMROSE-REALTY-PROJECTS-BANGALORE-PRIVATE-LIMITED-U70100KA2005PTC042122,"'VASWANI VICTORIA' 3RD FLOOR, 30, VICTORIA ROAD,   , BANGALORE, Karnataka, India - 560047",Karnataka,-,,,Company limited by shares,Non-government company,https://www.zaubacorp.com/DIVIJ-REALTY-PRIVATE-LIMITED-U70100MH2005PTC153743,4b9fe2aeea1e078002c2d2f2da8ed8cd,2026-05-14T13:32:23.04255+00:00,2026-05-14T13:32:23.04255+00:00
34,U51100DL2005PLC164948,RAL CONSUMER PRODUCTS LIMITED,Active,ROC Delhi,,2005-01-18,pradeepkunmun@gmail.com,https://www.zaubacorp.com/RAL-CONSUMER-PRODUCTS-LIMITED-U51100DL2005PLC164948,"B-7/2, OKHLA INDUSTRIAL AREA, PHASE -II   , NEW DELHI, Delhi, India - 110020",Delhi,-,,,Company limited by shares,Non-government company,https://www.zaubacorp.com/RADIOHMS-AGENCIES-PRIVATE-LIMITED-U51100MH2005PTC150698,04886f9c7df1b0280bba80c1d83ea436,2026-05-14T13:32:29.953396+00:00,2026-05-14T13:32:29.953396+00:00
35,U15100MH2003PTC139929,BLUE CIRCLE ORGANICS PRIVATE LIMITED,Amalgamated,ROC Mumbai,,2003-04-07,organics@bluecircle.net.in,https://www.zaubacorp.com/BLUE-CIRCLE-ORGANICS-PRIVATE-LIMITED-U15100MH2003PTC139929,"34 EMPIRE BUILDING1ST FLOOR D N ROAD 146 FORT   , MUMBAI, Maharashtra, India - 400001",Maharashtra,-,,,Company limited by shares,Non-government company,https://www.zaubacorp.com/BLUE-CIRCLE-ORGANICS-PRIVATE-LIMITED-U24299MH2003PTC139929,1c9971c1c4e85b188120bd7396e98efd,2026-05-14T15:17:58.177286+00:00,2026-05-14T15:17:58.177286+00:00
36,U74110GJ1980PTC003888,ANANYA INVESTMENTS PRIVATE LIMITED,Converted to LLP,ROC Ahmedabad,,1980-08-23,kunjangandhi@hotmail.com,https://www.zaubacorp.com/ANANYA-INVESTMENTS-PRIVATE-LIMITED-U74110GJ1980PTC003888,"C/o- Bharti Dhanesh Shah, 4/2/C, Centre Point, Panchvati Corner, Ambawadi   , Ahmedabad, Gujarat, India - 380006",Gujarat,-,,,Company limited by shares,Non-government company,https://www.zaubacorp.com/ANANYA-INVESTMENTS-PRIVATE-LIMITED-U65990GJ1980PTC003888,d4ee31232724fc4243bc2b61d9ba4ebd,2026-05-14T15:18:09.215367+00:00,2026-05-14T15:18:09.215367+00:00
37,U67120MH1993PTC075675,DRESDNER KLEINWORT WASSERSTEIN SECURITIES (INDIA) PRIVATE LIMITED,Dissolved (Liquidated),ROC Mumbai,,1993-12-20,hemant@hemantsethi.com,https://www.zaubacorp.com/DRESDNER-KLEINWORT-WASSERSTEIN-SECURITIES-INDIA-PRIVATE-LIMITED-U67120MH1993PTC075675,"318, MAKER CHAMBER V,221, NARIMAN POUNT, MUMBAI-21   , W.E.F. 8/7/2002, Maharashtra, India - 000000",Maharashtra,-,,,Company limited by shares,Non-government company,https://www.zaubacorp.com/DRESDNER-KLEINWORT-WASSERSTEIN-SECURITIES-INDIA-PRIVATE-LIMITED-U67120MH1993PTC075675,75565e4dca5ffea4dae13709ad926dba,2026-05-14T15:18:17.760755+00:00,2026-05-14T15:18:17.760755+00:00
38,AAQ-6173,SAITEX FAB SAREES LLP,,RoC-Ahmedabad,17,2019-09-20,saitexfab50@yahoo.in,https://www.zaubacorp.com/SAITEX-FAB-SAREES-LLP-AAQ-6173,"SY NO.427,482/A,WING D,1ST FLOOR,OFFICE 105 TO 108 SHREE KUBERJI TEXTILE PARK, RING ROAD SURAT Surat GJ 395002 IN",Gujarat,ROAD SURAT Surat,,,,,https://www.zaubacorp.com/SAITEX-FAB-SAREES-LLP-AAQ-6173,19447fbff9639259899dfebb04a04ded,2026-05-14T15:18:39.718986+00:00,2026-05-14T15:18:39.718986+00:00
39,U40108DL2004PTC125750,ASPIRE POWER PROJECTS PRIVATE LIMITED,Active,ROC Jharkhand,,2004-04-12,VINAYVIBHAKAR@YAHOO.COM,https://www.zaubacorp.com/ASPIRE-POWER-PROJECTS-PRIVATE-LIMITED-U40108DL2004PTC125750,"97/D, NEAR HOLY CROSS SCHOOL, BARDMAN COMPOUND LALPUR,   , RANCHI, Jharkhand, India - 834001",Jharkhand,-,,,Company limited by shares,Non-government company,https://www.zaubacorp.com/ASPIRE-POWER-PROJECTS-PRIVATE-LIMITED-U40108DL2004PTC125750,e162e62be026a22f72cd1531892e646b,2026-05-14T15:18:56.830142+00:00,2026-05-14T15:18:56.830142+00:00
40,U63040AP2002PTC039713,AL-AMAN TOURISM PRIVATE LIMITED,Active,ROC Vijayawada,,2002-10-03,alamantourism@gmail.com,https://www.zaubacorp.com/AL-AMAN-TOURISM-PRIVATE-LIMITED-U63040AP2002PTC039713,"D.No.49-55-1B, Vidyut Nagar, TPT Colony, Akkayyapalem,   , Visakhapatnam, Andhra Pradesh, India - 530016",Andhra Pradesh,-,,,Company limited by shares,Non-government company,https://www.zaubacorp.com/AL-AMAN-TOURISM-PRIVATE-LIMITED-U63040AP2002PTC039713,f965a02f14ea77a9f0b7a498eeed1722,2026-05-14T15:19:05.527999+00:00,2026-05-14T15:19:05.527999+00:00
41,AAJ-4875,AGK BUILDCON LLP,,ROC Mumbai,45,2017-05-23,kathekar.rohanenterprises@gamil.com,https://www.zaubacorp.com/AGK-BUILDCON-LLP-AAJ-4875,"A – 1, Seva Co Op Housing society Ltd., New Link Road, Near Oshiwara , Jogeshwari (West),      Mumbai, Maharashtra, India - 400102",Maharashtra,-,,,,,https://www.zaubacorp.com/AGK-BUILDCON-LLP-AAJ-4875,c197f330bbda7c40585c4c882ab007f9,2026-05-14T15:19:14.084456+00:00,2026-05-14T15:19:14.084456+00:00
42,U45200DL2012PTC231983,RASIK INFRACON PRIVATE LIMITED,Active,ROC Kanpur,,2012-02-24,rasikinfracon@gmail.com,https://www.zaubacorp.com/RASIK-INFRACON-PRIVATE-LIMITED-U45200DL2012PTC231983,"G-12 G JAWAHAR COLONEY, RAMGHAT ROAD   , ALIGARH, Uttar Pradesh, India - 202001",Uttar Pradesh,-,,,Company limited by shares,Non-government company,https://www.zaubacorp.com/RASIK-INFRACON-PRIVATE-LIMITED-U45200DL2012PTC231983,95f31f7bad83472dc8ef1e624decf88b,2026-05-14T15:19:26.953342+00:00,2026-05-14T15:19:26.953342+00:00
43,U65993TN1993PTC024724,IMPERIAL CONSULTANTS AND SECURITIES LIMITED,Under CIRP,ROC Chennai,,1993-03-31,vimpco123@gmail.com,https://www.zaubacorp.com/IMPERIAL-CONSULTANTS-AND-SECURITIES-LIMITED-U65993TN1993PTC024724,"A S K Building 1st Floor Room No 2 Old No 44 New No 57 C P Ramaswamy Road Abhiramapur am  , Chennai, Tamil Nadu, India - 600018",Tamil Nadu,-,,,Company limited by shares,Non-government company,https://www.zaubacorp.com/IMPERIAL-CONSULTANTS-AND-SECURITIES-LIMITED-U65993TN1993PTC024724,91f7f091dc2457682203027663aa7aac,2026-05-14T15:19:33.190376+00:00,2026-05-14T15:19:33.190376+00:00
44,U45400MH2012PTC234572,SOM CONSTRUCTION PRIVATE LIMITED,Strike Off,ROC Mumbai,,2012-08-16,somelectricals@hotmail.com,https://www.zaubacorp.com/SOM-CONSTRUCTION-PRIVATE-LIMITED-U45400MH2012PTC234572,"409, NIT COMMERCIAL COMPLEX SITABULDI   , NAGPUR, Maharashtra, India - 440012",Maharashtra,-,,,Company limited by shares,Non-government company,https://www.zaubacorp.com/SOM-CONSTRUCTION-PRIVATE-LIMITED-U45400MH2012PTC234572,9be8b3ffdfba73ec5c44ce6b1d753d78,2026-05-14T15:19:41.900008+00:00,2026-05-14T15:19:41.900008+00:00
45,U72900TN2021PTC148423,INEXUS INNOVATION PRIVATE LIMITED,Active,ROC Chennai,,2021-12-07,nivasnivas312@gmail.com,https://www.zaubacorp.com/INEXUS-INNOVATION-PRIVATE-LIMITED-U72900TN2021PTC148423,"5/621 B1 Housing board part 2 krishna nagar   , kovilpatti, Tamil Nadu, India - 628501",Tamil Nadu,-,,,Company limited by shares,Non-government company,https://www.zaubacorp.com/INEXUS-INNOVATION-PRIVATE-LIMITED-U72900TN2021PTC148423,fd1038b033ef0a3c6ae415bff6ac8898,2026-05-14T15:19:52.517385+00:00,2026-05-14T15:19:52.517385+00:00
46,U45400MH2012PTC232620,S L HOMEZ PRIVATE LIMITED,Strike Off,ROC Mumbai,,2012-06-26,ritika_agarwal17@rediffmail.com,https://www.zaubacorp.com/S-L-HOMEZ-PRIVATE-LIMITED-U45400MH2012PTC232620,"602, QUISCENT HEIGHT MIND SPACE,OFF MALAD LINK ROAD, MALAD W EST  , MUMBAI, Maharashtra, India - 400064",Maharashtra,-,,,Company limited by shares,Non-government company,https://www.zaubacorp.com/S-L-HOMEZ-PRIVATE-LIMITED-U45400MH2012PTC232620,6b4a4e9231ffac02b971397636baa843,2026-05-14T15:19:59.444171+00:00,2026-05-14T15:19:59.444171+00:00
47,U51420WB1989PTC048005,PACHARIA EXPORTS PVT LTD,Active,ROC Kolkata,,1989-12-13,pacharia@pachariaexports.com,https://www.zaubacorp.com/PACHARIA-EXPORTS-PVT-LTD-U51420WB1989PTC048005,"37, DR.ABANI DUTTA ROAD, SALKIA   , HOWRAH, West Bengal, India - 711106",West Bengal,-,,,Company limited by shares,Non-government company,https://www.zaubacorp.com/PACHARIA-EXPORTS-PVT-LTD-U51420WB1989PTC048005,9b8abc59e8d3fc5b6fc40035f7f1acb8,2026-05-14T15:20:10.544896+00:00,2026-05-14T15:20:10.544896+00:00
48,U63030UP2019PTC125163,DRIKE TOURS AND TRAVELS PRIVATE LIMITED,Strike Off,ROC Kanpur,,2019-12-31,keshavtyagi182000@gmail.com,https://www.zaubacorp.com/DRIKE-TOURS-AND-TRAVELS-PRIVATE-LIMITED-U63030UP2019PTC125163,"C/O ANAND KUMAR, HOUSE NO. 194, VILL DHANORA HAPUR, PANCHSHEEL NAGAR,   , GHAZIABAD, Uttar Pradesh, India - 245101",Uttar Pradesh,-,,,Company limited by shares,Non-government company,https://www.zaubacorp.com/DRIKE-TOURS-AND-TRAVELS-PRIVATE-LIMITED-U63030UP2019PTC125163,0da2216dcd50eb6df8997d7f18cbeca7,2026-05-14T15:20:15.843703+00:00,2026-05-14T15:20:15.843703+00:00
49,U33125DL2004PTC124692,LABEX INSTRUMENTS PRIVATE LIMITED,Strike Off,ROC Delhi,,2004-02-16,nivasca76@yahoo.co.in,https://www.zaubacorp.com/LABEX-INSTRUMENTS-PRIVATE-LIMITED-U33125DL2004PTC124692,"F-27, MAYAPURI INDUSTRIAL AREA PHASE-II   , NEW DELHI, Delhi, India - 110064",Delhi,-,,,Company limited by shares,Non-government company,https://www.zaubacorp.com/LABEX-INSTRUMENTS-PRIVATE-LIMITED-U33125DL2004PTC124692,63d8e8bb2560aa426665883bc6d60ecd,2026-05-14T15:20:24.203793+00:00,2026-05-14T15:20:24.203793+00:00
50,U74899DL1961PTC003402,SHIV GENERAL FINANCE PVT LTD,Active,ROC Delhi,,1961-03-23,pawankumarpk100@yahoo.in,https://www.zaubacorp.com/SHIV-GENERAL-FINANCE-PVT-LTD-U74899DL1961PTC003402,"F-20KALKAJI NCT OF DELHI   , NEW DELHI, Delhi, India - 110019",Delhi,-,,,Company limited by shares,Non-government company,https://www.zaubacorp.com/SHIV-GENERAL-FINANCE-PVT-LTD-U74899DL1961PTC003402,b70e7e50d1d4d05a891c3c9b669b165e,2026-05-14T15:20:31.871875+00:00,2026-05-14T15:20:31.871875+00:00
51,U74999DL2002PTC117343,DMF CONSULTANCY SERVICES PRIVATE LIMITED,Active,ROC Delhi,,2002-10-11,accounts@hansuttam.com,https://www.zaubacorp.com/DMF-CONSULTANCY-SERVICES-PRIVATE-LIMITED-U74999DL2002PTC117343,"FLAT NO-57 H BLOCK CONNAUGHT PLACE   , NEW DELHI, Delhi, India - 110001",Delhi,-,,,Company limited by shares,Non-government company,https://www.zaubacorp.com/DMF-CONSULTANCY-SERVICES-PRIVATE-LIMITED-U74999DL2002PTC117343,edfcea46753e1d0829fab5cb3b44db51,2026-05-14T15:20:43.433412+00:00,2026-05-14T15:20:43.433412+00:00
52,U65910KA1993PTC014121,COSMO SUPER FINANCE PRIVATE LIMITED,Strike Off,ROC Bangalore,,1993-03-19,,https://www.zaubacorp.com/COSMO-SUPER-FINANCE-PRIVATE-LIMITED-U65910KA1993PTC014121,"9/1 MAZZINE FLOOR,8TH MAINROAD,DEVANGA HOSTEL ROAD SAMBANKIRAMA NAGAR,BANGALORE   , NA, Karnataka, India - 000000",Karnataka,-,,,Company limited by shares,Non-government company,https://www.zaubacorp.com/COSMO-SUPER-FINANCE-PRIVATE-LIMITED-U65910KA1993PTC014121,2e6248c91c13edaa2c0751949bb589d2,2026-05-14T15:20:52.790604+00:00,2026-05-14T15:20:52.790604+00:00
53,U67120MH1991PTC061744,DHYAN INVESTMENTS AND TRADING COMPANY PRIVATE LIMITED,Active,ROC Mumbai,,1991-05-17,dsplmca3@servicesnext.com,https://www.zaubacorp.com/DHYAN-INVESTMENTS-AND-TRADING-COMPANY-PRIVATE-LIMITED-U67120MH1991PTC061744,"10 TH FL TULSIANI CHAMBERS212 NARIMAN POINT   , MUMBAI, Maharashtra, India - 400021",Maharashtra,-,,,Company limited by shares,Non-government company,https://www.zaubacorp.com/DHYAN-INVESTMENTS-AND-TRADING-COMPANY-PRIVATE-LIMITED-U67120MH1991PTC061744,f928003e6674ffa1c6a45db3b1da3638,2026-05-14T15:21:06.055206+00:00,2026-05-14T15:21:06.055206+00:00
54,U63010MH2007PTC174842,SGL CONTAINER LINE PRIVATE LIMITED,Active,ROC Mumbai,,2007-10-09,accounts@sglline.com,https://www.zaubacorp.com/SGL-CONTAINER-LINE-PRIVATE-LIMITED-U63010MH2007PTC174842,"A-146, BALAJI BHVAN , 1ST FLOOR, SECTOR 11, CBD BELAPUR, NAVI MUMBAI   , NAVI MUMBAI, Maharashtra, India - 400614",Maharashtra,-,,,Company limited by shares,Non-government company,https://www.zaubacorp.com/SGL-CONTAINER-LINE-PRIVATE-LIMITED-U63010MH2007PTC174842,9f35dad029b6acf76fd59bdefb76746c,2026-05-14T15:51:35.279378+00:00,2026-05-14T15:51:35.279378+00:00
55,U51909WB1994PTC066566,SUNKISSED TRADERS PVT LTD,Active,ROC Kolkata,,1994-12-14,s.salesbo@gmail.com,https://www.zaubacorp.com/SUNKISSED-TRADERS-PVT-LTD-U51909WB1994PTC066566,"8, GANESH CHANDRA AVENUE 1ST FLOOR, ROOM NO 6   , KOLKATA, West Bengal, India - 700013",West Bengal,-,,,Company limited by shares,Non-government company,https://www.zaubacorp.com/SUNKISSED-TRADERS-PVT-LTD-U51909WB1994PTC066566,dad812e966b8ecd85fe069a3ba1b915a,2026-05-14T15:51:42.710723+00:00,2026-05-14T15:51:42.710723+00:00
56,U70100RJ2017PTC059770,VIRAASAT ESTATE DEVELOPERS PRIVATE LIMITED,Converted to LLP,ROC Jaipur,,2017-12-14,rkkabra76@hotmail.com,https://www.zaubacorp.com/VIRAASAT-ESTATE-DEVELOPERS-PRIVATE-LIMITED-U70100RJ2017PTC059770,"D-51, Subhash Marg, Ahinsa Circle C-Scheme   , Jaipur, Rajasthan, India - 302001",Rajasthan,-,,,Company limited by shares,Non-government company,https://www.zaubacorp.com/VIRAASAT-ESTATE-DEVELOPERS-PRIVATE-LIMITED-U70100RJ2017PTC059770,05047a5463787964824915a5010f30a1,2026-05-14T15:51:48.337729+00:00,2026-05-14T15:51:48.337729+00:00
57,U74920JH2002PTC010036,SALVO SECURITIES & INTELLIGENCE SERVICES PRIVATE LIMITED,Strike Off,RoC-Jharkhand,,2002-12-27,,https://www.zaubacorp.com/SALVO-SECURITIES-AND-INTELLIGENCE-SERVICES-PRIVATE-LIMITED-U74920JH2002PTC010036,"H.NO.- 89, MAKATPUR CHOWKARGAGHAT ROAD P.O.- GIRIDIH P O GIRIDIH JH 000000 IN",Jharkhand,P O GIRIDIH,,,Company limited by Shares,Non-govt company,https://www.zaubacorp.com/SALVO-SECURITIES-AND-INTELLIGENCE-SERVICES-PRIVATE-LIMITED-U74920JH2002PTC010036,476a70c51f5e50a5c0fc1744cda2ba78,2026-05-14T15:52:07.200194+00:00,2026-05-14T15:52:07.200194+00:00
58,U24100TN2019PLC129889,DR.ETHIX'S PRODUCTS AND SERVICES LIMITED,Active,ROC Chennai,,2019-06-13,ethixhealthcare@gmail.com,https://www.zaubacorp.com/DR-ETHIX-S-PRODUCTS-AND-SERVICES-LIMITED-U24100TN2019PLC129889,"No 94/54, 4th Avenue, Sundar Nagar Guindy   , CHENNAI, Tamil Nadu, India - 600032",Tamil Nadu,-,,,Company limited by shares,Non-government company,https://www.zaubacorp.com/DR-ETHIX-S-PRODUCTS-AND-SERVICES-PRIVATE-LIMITED-U24100TN2019PTC129889,73ef3d2037b62d5132ca78839579f1b2,2026-05-14T15:52:24.254878+00:00,2026-05-14T15:52:24.254878+00:00
59,U74999MH2017PTC299468,VESELKO LEAD GENERATION AND EVENT MANAGEMENT PRIVATE LIMITED,Active,ROC Mumbai,,2017-09-07,vilas_vj@yahoo.co.in,https://www.zaubacorp.com/VESELKO-LEAD-GENERATION-AND-EVENT-MANAGEMENT-PRIVATE-LIMITED-U74999MH2017PTC299468,"72-569, MOTILAL NAGAR NO.3, M. G. ROAD, NEAR SHIVAJI NAGAR, GOREGAON (WEST)   , MUMBAI, Maharashtra, India - 400104",Maharashtra,-,,,Company limited by shares,Non-government company,https://www.zaubacorp.com/VESELKO-LEAD-GENERATION-AND-EVENT-MANAGEMENT-PRIVATE-LIMITED-U74999MH2017PTC299468,cdf5437beb310f21e68b52e6a1cd8d33,2026-05-14T15:52:41.882842+00:00,2026-05-14T15:52:41.882842+00:00
60,U45203MH2008PTC181465,JEWEL ROCK REALTY PRIVATE LIMITED,Active,ROC Mumbai,,2008-04-23,jewelrockrealty@gmail.com,https://www.zaubacorp.com/JEWEL-ROCK-REALTY-PRIVATE-LIMITED-U45203MH2008PTC181465,"1002, Excellency 2A, 4th Cross Lane, Lokhandwala Complex, Andheri West,   , Mumbai, Maharashtra, India - 400053",Maharashtra,-,,,Company limited by shares,Non-government company,https://www.zaubacorp.com/JEWEL-ROCK-REALTY-PRIVATE-LIMITED-U45203MH2008PTC181465,83c52dc6a75945fcb040f07b31b6b19a,2026-05-14T15:52:49.064511+00:00,2026-05-14T15:52:49.064511+00:00
61,U72200TN2009PTC070684,RELIANT SOFTWARE SOLUTION INTEGRATED PRIVATE LIMITED,Strike Off,ROC Chennai,,2009-02-06,manian_acs@yahoo.co.in,https://www.zaubacorp.com/RELIANT-SOFTWARE-SOLUTION-INTEGRATED-PRIVATE-LIMITED-U72200TN2009PTC070684,"41A, VELLAIKOTTAI MELARATHA STREET,   , ARUPPUKOTTAI, Tamil Nadu, India - 626101",Tamil Nadu,-,,,Company limited by shares,Non-government company,https://www.zaubacorp.com/RELIANT-SOFTWARE-SOLUTION-INTEGRATED-PRIVATE-LIMITED-U72200TN2009PTC070684,a6d65a214f165b62605cb7b5142c350d,2026-05-14T15:52:59.710257+00:00,2026-05-14T15:52:59.710257+00:00
62,U74999UP2017PTC095536,HADRON PHARMA LAB SOLUTIONS PRIVATE LIMITED,Strike Off,ROC Kanpur,,2017-07-31,csankittrawall@gmail.com,https://www.zaubacorp.com/HADRON-PHARMA-LAB-SOLUTIONS-PRIVATE-LIMITED-U74999UP2017PTC095536,"PANDEY NIWAS, KARM BHOOMI A1 MAIN GALI GARHI SECTOR 121 NOIDA   , Gautam Budh Nagar, Uttar Pradesh, India - 201301",Uttar Pradesh,-,,,Company limited by shares,Non-government company,https://www.zaubacorp.com/HADRON-PHARMA-LAB-SOLUTIONS-PRIVATE-LIMITED-U74999UP2017PTC095536,4a0b9dfc873ebfb24e1e1e3f2dce6ebd,2026-05-14T15:53:05.631743+00:00,2026-05-14T15:53:05.631743+00:00
63,U51909UP2021PTC144433,ALHAMD EXIM PRIVATE LIMITED,Active,ROC Kanpur,,2021-03-30,khanamaan596@gmail.com,https://www.zaubacorp.com/ALHAMD-EXIM-PRIVATE-LIMITED-U51909UP2021PTC144433,"MOHALLA SIKRI GATE,15, ALHAMD EXIM PVT. LIMITED SEEKRI GATE TEHSIL CHANDAUSI, SAMBHAL   , SAMBHAL, Uttar Pradesh, India - 244412",Uttar Pradesh,-,,,Company limited by shares,Non-government company,https://www.zaubacorp.com/ALHAMD-EXIM-PRIVATE-LIMITED-U51909UP2021PTC144433,c2cb13448c104f8370a42efad5101d02,2026-05-14T15:53:24.586222+00:00,2026-05-14T15:53:24.586222+00:00
64,U74999UP2017PTC099587,VPG SOLAR INFRATECH PRIVATE LIMITED,Active,ROC Kanpur,,2017-12-21,gmvpgarg@gmail.com,https://www.zaubacorp.com/VPG-SOLAR-INFRATECH-PRIVATE-LIMITED-U74999UP2017PTC099587,"C-150 Sector-48   , Noida, Uttar Pradesh, India - 201301",Uttar Pradesh,-,,,Company limited by shares,Non-government company,https://www.zaubacorp.com/VPG-SOLAR-INFRATECH-PRIVATE-LIMITED-U74999UP2017PTC099587,9a894a5defc1883157bd3f13a223991c,2026-05-14T15:53:34.144222+00:00,2026-05-14T15:53:34.144222+00:00
65,U70101WB2006PTC108817,CHANDRA AWAS PRIVATE LIMITED,Active,ROC Kolkata,,2006-03-31,capl.jsr@gmail.com,https://www.zaubacorp.com/CHANDRA-AWAS-PRIVATE-LIMITED-U70101WB2006PTC108817,"C/O Anil Baran Dewanjee, F-27, School Road, Sodepur   , Kolkata, West Bengal, India - 700110",West Bengal,-,,,Company limited by shares,Non-government company,https://www.zaubacorp.com/CHANDRA-AWAS-PRIVATE-LIMITED-U70101WB2006PTC108817,1fac34cd1092cab16f5dd2a45fbaea17,2026-05-14T15:53:39.733993+00:00,2026-05-14T15:53:39.733993+00:00
66,U51109WB2008PTC122232,S.P.SARKAR DISTRIBUTORS PRIVATE LIMITED,Strike Off,ROC Kolkata,,2008-01-30,kkrbhatt@rediffmail.com,https://www.zaubacorp.com/S-P-SARKAR-DISTRIBUTORS-PRIVATE-LIMITED-U51109WB2008PTC122232,"KAJORA BAZAR   , KAJORA GRAM, West Bengal, India - 713338",West Bengal,-,,,Company limited by shares,Non-government company,https://www.zaubacorp.com/S-P-SARKAR-DISTRIBUTORS-PRIVATE-LIMITED-U51109WB2008PTC122232,b4da64326db9f0db8e17825f351f0709,2026-05-14T15:53:48.652971+00:00,2026-05-14T15:53:48.652971+00:00
67,U70101CT2010PTC021649,SHRI RAM DREAM HOMES PRIVATE LIMITED,Strike Off,ROC Chhattisgarh,,2010-03-11,vinz9786@gmail.com,https://www.zaubacorp.com/SHRI-RAM-DREAM-HOMES-PRIVATE-LIMITED-U70101CT2010PTC021649,"Lavan Road   , Baloda Bazar, Chattisgarh, India - 493332",,-,,,Company limited by shares,Non-government company,https://www.zaubacorp.com/SHRI-RAM-DREAM-HOMES-PRIVATE-LIMITED-U70101CT2010PTC021649,dfde7f46585e0c0045a53ba0e2d0fe08,2026-05-14T15:53:57.052685+00:00,2026-05-14T15:53:57.052685+00:00
68,U65191TN1996PLC037122,PALGHAT FINANCE LIMITED,Under process of striking off,ROC Chennai,,1996-12-13,,https://www.zaubacorp.com/PALGHAT-FINANCE-LIMITED-U65191TN1996PLC037122,"NO. 126NANA STREET,T. NAGAR, MADRAS 600 017   , MADRAS 600 017, Tamil Nadu, India - 600017",Tamil Nadu,-,,,Company limited by shares,Non-government company,https://www.zaubacorp.com/PALGHAT-FINANCE-LIMITED-U65191TN1996PLC037122,2e30efb5cc1fd577e256dab826be7c5e,2026-05-14T15:54:08.404161+00:00,2026-05-14T15:54:08.404161+00:00
69,U74900MH2011PTC216217,ARC & LIGHT MEDIA PRIVATE LIMITED,Strike Off,ROC Mumbai,,2011-04-13,shashwat.bhatt@gmail.com,https://www.zaubacorp.com/ARC-AND-LIGHT-MEDIA-PRIVATE-LIMITED-U74900MH2011PTC216217,"202, 20TH FLOOR, YUGDHARMA, LINK ROAD, OPP. INORBIT MALL, MALAD (W),   , MUMBAI, Maharashtra, India - 400064",Maharashtra,-,,,Company limited by shares,Non-government company,https://www.zaubacorp.com/ARC-AND-LIGHT-MEDIA-PRIVATE-LIMITED-U74900MH2011PTC216217,70ed1a6e148b7b0c1f6d29e6e5086368,2026-05-14T15:54:15.489084+00:00,2026-05-14T15:54:15.489084+00:00
70,U74999MH2018PTC308635,OVION MOBITECH PRIVATE LIMITED,Active,ROC Mumbai,,2018-04-26,accounts@sanghvirealty.com,https://www.zaubacorp.com/OVION-MOBITECH-PRIVATE-LIMITED-U74999MH2018PTC308635,"Plot. 46, 1st Floor, Veetrag House, Cawasji Patel Rd., Horniman Circle, Fort   , MUMBAI, Maharashtra, India - 400001",Maharashtra,-,,,Company limited by shares,Non-government company,https://www.zaubacorp.com/OVION-MOBITECH-PRIVATE-LIMITED-U74999MH2018PTC308635,f78c3ece161596b453299f9d78b1af41,2026-05-14T15:54:25.335833+00:00,2026-05-14T15:54:25.335833+00:00
71,U74999HR2020PTC090791,SPS TECHNOTRENDS PRIVATE LIMITED,Active,ROC Delhi,,2020-11-07,manish.widhani@gmail.com,https://www.zaubacorp.com/SPS-TECHNOTRENDS-PRIVATE-LIMITED-U74999HR2020PTC090791,"Flat No. 1101, Tower 2, Vipul Belmonte, Golf Course Road, DLF Phase 5, Sector 53   , Gurugram, Haryana, India - 122011",Haryana,-,,,Company limited by shares,Non-government company,https://www.zaubacorp.com/SPS-TECHNOTRENDS-PRIVATE-LIMITED-U74999HR2020PTC090791,57b21e87331bbf9fbf22e27dd3e7f4b0,2026-05-14T15:54:43.741791+00:00,2026-05-14T15:54:43.741791+00:00
72,U70102TG2002PTC038853,MURALIKRISHNA ESTATES PRIVATE LIMITED,Converted to LLP,ROC Hyderabad,,2002-04-26,kjeswanthrao@yahoo.co.in,https://www.zaubacorp.com/MURALIKRISHNA-ESTATES-PRIVATE-LIMITED-U70102TG2002PTC038853,"H.No.7-1-58, FLAT NO.105,SUREKHA CHAMBERS NEAR LAL BUNGALOW,AMEERPET   , HYDERABAD, Telangana, India - 500016",Telangana,-,,,Company limited by shares,Non-government company,https://www.zaubacorp.com/MURALIKRISHNA-ESTATES-PRIVATE-LIMITED-U70102TG2002PTC038853,373edef524a74ba2a8d0a5a3e033f420,2026-05-14T15:54:51.830266+00:00,2026-05-14T15:54:51.830266+00:00
73,U65921DL1995PLC072831,KRV FINANCE AND LEASING LIMITED,Strike Off,ROC Delhi,,1995-09-27,,https://www.zaubacorp.com/KRV-FINANCE-AND-LEASING-LIMITED-U65921DL1995PLC072831,"4/51, OLD RAJINDER NAGARN   , DELHI, Delhi, India - 000000",Delhi,-,,,Company limited by shares,Non-government company,https://www.zaubacorp.com/KRV-FINANCE-AND-LEASING-LIMITED-U65921DL1995PLC072831,fb458aaab57b2805c2293a1dfcb30ba7,2026-05-14T15:54:56.903913+00:00,2026-05-14T15:54:56.903913+00:00
