id,cin,company_name,status,roc,company_type,incorporation_date,email,website,address,source_url,content_hash,last_updated
1,AAE-6126,PACIFIC INFRABUILD LLP,Active,RoC-Delhi,Construction,2015-08-24,jainvarun23@hotmail.com,https://www.zaubacorp.com/PACIFIC-INFRABUILD-LLP-AAE-6126,"Farm No. 10, North Drive KH No. 733/2 DLF Chatarpur New Delhi South Delhi DL 110030 IN",https://www.zaubacorp.com/PACIFIC-INFRABUILD-LLP-AAE-6126,1d238a6da3659d35c54525977e9f8f26,2026-05-13 19:07:00
2,AAF-1027,AFFAIRS EVENT MANAGEMENT LLP,Active,RoC-Gwalior,Other Service activities,2015-10-28,apurvavohra9@gmail.com,https://www.zaubacorp.com/AFFAIRS-EVENT-MANAGEMENT-LLP-AAF-1027,P-1 Morya Palace 5/1 Diamond Colony New Palasia indore Indore MP 452001 IN,https://www.zaubacorp.com/AFFAIRS-EVENT-MANAGEMENT-LLP-AAF-1027,8b95db3abe1f028d3ecd150e47c1f7ae,2026-05-13 19:07:05
3,,Just a moment...,,,,,,,,https://www.zaubacorp.com/VIPANI-ONLINE-SHOPPING-PORTAL-LLP-AAF-8155,dbb9ef34bc13fd25d91d087ba2e522ec,2026-05-13 19:07:09
4,AAF-9145,ARMADILLO REALTY LLP,Active,RoC-Mumbai,Construction,2016-03-11,hsecretarial@rediffmail.com,https://www.zaubacorp.com/ARMADILLO-REALTY-LLP-AAF-9145,"514 Dalamal Towers, 211 FPJ Marg, Nariman Point, Mumbai MUMBAI Mumbai City MH 400021 IN",https://www.zaubacorp.com/ARMADILLO-REALTY-LLP-AAF-9145,96ddf280604769e686bf233909cd6ea2,2026-05-13 19:07:16
5,,Just a moment...,,,,,,,,https://www.zaubacorp.com/AJAY-AGGARWAL-PROPERTIES-LLP-AAG-0314,fe51855c569d222f405f72b947860714,2026-05-13 19:07:20
6,AAG-4170,BEFREE BUSINESS RESOURCING LLP,Active,RoC-Ahmedabad,Other Business Activities,2016-05-20,jigneshk@befree.com.au,https://www.zaubacorp.com/BEFREE-BUSINESS-RESOURCING-LLP-AAG-4170,"SWASTIK COMPLEX, 21/22, 1ST FLOOR, TOWER CHOWK, S. T. ROAD, VERAVAL Junagadh GJ 362265 IN",https://www.zaubacorp.com/BEFREE-BUSINESS-RESOURCING-LLP-AAG-4170,48b2434dafc62ad2cd8d6d060de8c40e,2026-05-13 19:07:25
7,,Just a moment...,,,,,,,,https://www.zaubacorp.com/SIS-MERCHANTILE-INDIA-LLP-AAG-4211,8d93f1bac0551f733eb35c9e64755711,2026-05-13 19:07:29
8,AAG-4332,VIRAT PROMOTERS LLP,Active,RoC-Delhi,Real estate activities,2016-05-23,rakesh.k.gupta@hotmail.com,https://www.zaubacorp.com/VIRAT-PROMOTERS-LLP-AAG-4332,"A-68, New Friends Colony New Delhi South Delhi DL 110065 IN",https://www.zaubacorp.com/VIRAT-PROMOTERS-LLP-AAG-4332,71bafa09ec745c1cf122c23b51002ffd,2026-05-13 19:07:33
9,,Just a moment...,,,,,,,,https://www.zaubacorp.com/SRI-KRISHNA-FREEHOLD-LLP-AAF-2865,715ec56c66f17417f461ab047385e31e,2026-05-13 19:07:37
10,AAF-1860,SOLSKEN ENERGY LLP,Active,RoC-Jaipur,"Electricity, Gas, Steam and Hot water supply",2015-11-19,akshchat17@gmail.com,https://www.zaubacorp.com/SOLSKEN-ENERGY-LLP-AAF-1860,"ROOM NO. 101, PAHAL HOTEL C-4, RIICO INDUSTRIAL AREA BHIWADI Alwar RJ 301019 IN",https://www.zaubacorp.com/SOLSKEN-ENERGY-LLP-AAF-1860,0c497bc8d3da3d4a614ad2a8686a58f0,2026-05-13 19:07:43
11,,Just a moment...,,,,,,,,https://www.zaubacorp.com/REINA-CONSULTING-LLP-AAE-9623,37dd776b0b52ee6713e1b3a5bf86890a,2026-05-13 19:07:47
12,,Just a moment...,,,,,,,,https://www.zaubacorp.com/SAFARI-BIKES-PRIVATE-LIMITED-U35921PB1995PTC017379,2cd1c42e8abf3fcdb5c3a66200fe943e,2026-05-13 19:07:58
13,,Just a moment...,,,,,,,,https://www.zaubacorp.com/NCORE-TECHNOLOGY-PVT-LTD-U72200TG1990PTC011250,e39f8648d5d5b47b75ca809e7ea510af,2026-05-13 19:08:00
14,U74999PN2017PTC172044,AKHEALTH BUSINESS SOLUTION PRIVATE LIMITED,Strike Off,ROC Pune,,2017-08-16,ashish.coding@gmail.com,https://www.zaubacorp.com/AKHEALTH-BUSINESS-SOLUTION-PRIVATE-LIMITED-U74999PN2017PTC172044,"FL 3, SAI PALACE, WING P-1 S NO 150/A/12 BHUSARI COL   , PUNE, Maharashtra, India - 411038",https://www.zaubacorp.com/AKHEALTH-BUSINESS-SOLUTION-PRIVATE-LIMITED-U74999PN2017PTC172044,c4b984b31f0a8b2a6c0a152285676556,2026-05-13 19:08:04
15,,Just a moment...,,,,,,,,https://www.zaubacorp.com/SUPREME-HEATREATERS-PVT-LTD-U99999MH1987PTC043205,a71e574be75def7d1a365815da1e5b46,2026-05-13 19:08:08
16,U74990MH2009FTC194075,PWC STRATEGY& (INDIA) PRIVATE LIMITED,Active,RoC-Mumbai,,2009-07-14,nilesh.narwekar@strategyand.in.pwc.com,https://www.zaubacorp.com/PWC-STRATEGY-AND-INDIA-PRIVATE-LIMITED-U74990MH2009FTC194075,"Swatantryaveer Savarkar Rashtriya Smarak, 252 Veer Savarkar Marg, Shivaji Park, Dadar (W) Mumbai Mumbai City MH 400028 IN",https://www.zaubacorp.com/PWC-STRATEGY-AND-INDIA-PRIVATE-LIMITED-U74990MH2009FTC194075,9d3bcfa59c3b8f77986957813d882318,2026-05-13 19:08:11
17,U85100MH2014PTC258481,MEQUISYS SOLUTIONS PRIVATE LIMITED,Active,ROC Mumbai,,2014-09-30,mequisyssolution@gmail.com,https://www.zaubacorp.com/MEQUISYS-SOLUTIONS-PRIVATE-LIMITED-U85100MH2014PTC258481,"12 FLOOR, D WING, TRADE WORLD, KAMALA CITY, SENAPATI BAPAT MARG,   , LOWER PAREL WEST, Maharashtra, India - 400013",https://www.zaubacorp.com/PROLOGY-IT-SOLUTIONS-PRIVATE-LIMITED-U74120MH2014PTC258481,cb0f8114ee32dfa098d63d8e96cc29dc,2026-05-13 19:08:14
18,U70100KA2005PTC042122,PRIMROSE REALTY PROJECTS (BANGALORE) PRIVATE LIMITED,Active,ROC Bangalore,,2005-06-03,secretarial@vaswanigroup.com,https://www.zaubacorp.com/PRIMROSE-REALTY-PROJECTS-BANGALORE-PRIVATE-LIMITED-U70100KA2005PTC042122,"'VASWANI VICTORIA' 3RD FLOOR, 30, VICTORIA ROAD,   , BANGALORE, Karnataka, India - 560047",https://www.zaubacorp.com/DIVIJ-REALTY-PRIVATE-LIMITED-U70100MH2005PTC153743,1711047cabe38234a17a0c9a6149c26f,2026-05-13 19:08:17
19,,Just a moment...,,,,,,,,https://www.zaubacorp.com/RADIOHMS-AGENCIES-PRIVATE-LIMITED-U51100MH2005PTC150698,e4b1bb1e86a69d9b08d99555768a93d0,2026-05-13 19:08:19
20,,Just a moment...,,,,,,,,https://www.zaubacorp.com/BLUE-CIRCLE-ORGANICS-PRIVATE-LIMITED-U24299MH2003PTC139929,7108b6392a523b319524244b75e72ab7,2026-05-13 19:08:22
21,,Just a moment...,,,,,,,,https://www.zaubacorp.com/VISHWAKARMA-TREXIM-PVT-LTD-U51109WB1994PTC062270,f30aeb23854b620a89816afb1a03d052,2026-05-13 19:08:25
22,,Just a moment...,,,,,,,,https://www.zaubacorp.com/ANANYA-INVESTMENTS-PRIVATE-LIMITED-U65990GJ1980PTC003888,e3f9b1f3d3de8ddb00346ed4daf9d1f3,2026-05-13 19:08:27
23,,Just a moment...,,,,,,,,https://www.zaubacorp.com/DRESDNER-KLEINWORT-WASSERSTEIN-SECURITIES-INDIA-PRIVATE-LIMITED-U67120MH1993PTC075675,3fc312241b0739fdbe6d541a1b4646a4,2026-05-13 19:08:30
24,,Just a moment...,,,,,,,,https://www.zaubacorp.com/SAITEX-FAB-SAREES-LLP-AAQ-6173,7aa90ca0d6c7f6df00117a2c068fcc6b,2026-05-13 19:08:33
25,,Just a moment...,,,,,,,,https://www.zaubacorp.com/ASPIRE-POWER-PROJECTS-PRIVATE-LIMITED-U40108DL2004PTC125750,55062dd197e510dbee1f9b94c8a27900,2026-05-13 19:08:35
26,,Just a moment...,,,,,,,,https://www.zaubacorp.com/AL-AMAN-TOURISM-PRIVATE-LIMITED-U63040AP2002PTC039713,f8b4ad9eeb66860856d2468a58814e79,2026-05-13 19:08:38
27,,Just a moment...,,,,,,,,https://www.zaubacorp.com/AGK-BUILDCON-LLP-AAJ-4875,05a69be512f248558d53c831c3f6a0ee,2026-05-13 19:08:40
28,,Just a moment...,,,,,,,,https://www.zaubacorp.com/KPC-BUILDERS-PRIVATE-LIMITED-U45200AP2001PTC036587,ab8d41985856bb525a6897eff60c8aad,2026-05-13 19:08:43
29,,Just a moment...,,,,,,,,https://www.zaubacorp.com/RASIK-INFRACON-PRIVATE-LIMITED-U45200DL2012PTC231983,3163ceb63f49bbc7cd31c5d6931f8472,2026-05-13 19:08:46
30,,Just a moment...,,,,,,,,https://www.zaubacorp.com/IMPERIAL-CONSULTANTS-AND-SECURITIES-LIMITED-U65993TN1993PTC024724,b0d623804059eab7c62effa6b7ddf342,2026-05-13 19:08:48
31,,Just a moment...,,,,,,,,https://www.zaubacorp.com/SOM-CONSTRUCTION-PRIVATE-LIMITED-U45400MH2012PTC234572,10895fd3bb4c2a0c4b10da472b39d949,2026-05-13 19:08:51
32,,Just a moment...,,,,,,,,https://www.zaubacorp.com/INEXUS-INNOVATION-PRIVATE-LIMITED-U72900TN2021PTC148423,c5953016d6c1509764911850abc4fa69,2026-05-13 19:08:54
33,,Just a moment...,,,,,,,,https://www.zaubacorp.com/S-L-HOMEZ-PRIVATE-LIMITED-U45400MH2012PTC232620,ae931e683d469f395bb53dd81f156b63,2026-05-13 19:08:57
34,,Just a moment...,,,,,,,,https://www.zaubacorp.com/PACHARIA-EXPORTS-PVT-LTD-U51420WB1989PTC048005,1b265d63329b2340ca756efcef27210e,2026-05-13 19:09:00
35,U63030UP2019PTC125163,DRIKE TOURS AND TRAVELS PRIVATE LIMITED,Strike Off,ROC Kanpur,,2019-12-31,keshavtyagi182000@gmail.com,https://www.zaubacorp.com/DRIKE-TOURS-AND-TRAVELS-PRIVATE-LIMITED-U63030UP2019PTC125163,"C/O ANAND KUMAR, HOUSE NO. 194, VILL DHANORA HAPUR, PANCHSHEEL NAGAR,   , GHAZIABAD, Uttar Pradesh, India - 245101",https://www.zaubacorp.com/DRIKE-TOURS-AND-TRAVELS-PRIVATE-LIMITED-U63030UP2019PTC125163,6e45d3a57acec77d418b5b867eb5319f,2026-05-13 19:09:02
36,,Just a moment...,,,,,,,,https://www.zaubacorp.com/LABEX-INSTRUMENTS-PRIVATE-LIMITED-U33125DL2004PTC124692,33358954c2514b253cb935aa17093dbd,2026-05-13 19:09:05
37,,Just a moment...,,,,,,,,https://www.zaubacorp.com/SHIV-GENERAL-FINANCE-PVT-LTD-U74899DL1961PTC003402,f85acc2659299ed9ec15679465c340fb,2026-05-13 19:09:08
38,U74999DL2002PTC117343,DMF CONSULTANCY SERVICES PRIVATE LIMITED,Active,ROC Delhi,,2002-10-11,accounts@hansuttam.com,https://www.zaubacorp.com/DMF-CONSULTANCY-SERVICES-PRIVATE-LIMITED-U74999DL2002PTC117343,"FLAT NO-57 H BLOCK CONNAUGHT PLACE   , NEW DELHI, Delhi, India - 110001",https://www.zaubacorp.com/DMF-CONSULTANCY-SERVICES-PRIVATE-LIMITED-U74999DL2002PTC117343,2c003718d5550c40191eff78f9bb6d28,2026-05-13 19:09:11
39,,Just a moment...,,,,,,,,https://www.zaubacorp.com/COSMO-SUPER-FINANCE-PRIVATE-LIMITED-U65910KA1993PTC014121,1da405b971f34c6c40a29171b14c1557,2026-05-13 19:09:14
40,,Just a moment...,,,,,,,,https://www.zaubacorp.com/DHYAN-INVESTMENTS-AND-TRADING-COMPANY-PRIVATE-LIMITED-U67120MH1991PTC061744,8ebe2b735bc33ceb122a0cbb79064b2c,2026-05-13 19:09:17
41,,Just a moment...,,,,,,,,https://www.zaubacorp.com/SGL-CONTAINER-LINE-PRIVATE-LIMITED-U63010MH2007PTC174842,885622e3c513eb4017303ac9f8a5c1db,2026-05-13 19:09:19
42,U51909WB1994PTC066566,SUNKISSED TRADERS PVT LTD,Active,ROC Kolkata,,1994-12-14,s.salesbo@gmail.com,https://www.zaubacorp.com/SUNKISSED-TRADERS-PVT-LTD-U51909WB1994PTC066566,"8, GANESH CHANDRA AVENUE 1ST FLOOR, ROOM NO 6   , KOLKATA, West Bengal, India - 700013",https://www.zaubacorp.com/SUNKISSED-TRADERS-PVT-LTD-U51909WB1994PTC066566,a618479c223623b7ba84041fe827ec38,2026-05-13 19:09:22
43,,Just a moment...,,,,,,,,https://www.zaubacorp.com/VIRAASAT-ESTATE-DEVELOPERS-PRIVATE-LIMITED-U70100RJ2017PTC059770,532c1d4019bc7df3a941221d3e138f10,2026-05-13 19:09:25
44,U74920JH2002PTC010036,SALVO SECURITIES & INTELLIGENCE SERVICES PRIVATE LIMITED,Strike Off,RoC-Jharkhand,,2002-12-27,,https://www.zaubacorp.com/SALVO-SECURITIES-AND-INTELLIGENCE-SERVICES-PRIVATE-LIMITED-U74920JH2002PTC010036,"H.NO.- 89, MAKATPUR CHOWKARGAGHAT ROAD P.O.- GIRIDIH P O GIRIDIH JH 000000 IN",https://www.zaubacorp.com/SALVO-SECURITIES-AND-INTELLIGENCE-SERVICES-PRIVATE-LIMITED-U74920JH2002PTC010036,205f4ff840e07d49b23a6d102a605662,2026-05-13 19:09:29
45,U74999MH2017PTC299468,VESELKO LEAD GENERATION AND EVENT MANAGEMENT PRIVATE LIMITED,Active,ROC Mumbai,,2017-09-07,vilas_vj@yahoo.co.in,https://www.zaubacorp.com/VESELKO-LEAD-GENERATION-AND-EVENT-MANAGEMENT-PRIVATE-LIMITED-U74999MH2017PTC299468,"72-569, MOTILAL NAGAR NO.3, M. G. ROAD, NEAR SHIVAJI NAGAR, GOREGAON (WEST)   , MUMBAI, Maharashtra, India - 400104",https://www.zaubacorp.com/VESELKO-LEAD-GENERATION-AND-EVENT-MANAGEMENT-PRIVATE-LIMITED-U74999MH2017PTC299468,a41d084484b8c16f5268ee1b1a64fcae,2026-05-13 19:09:37
46,U45203MH2008PTC181465,JEWEL ROCK REALTY PRIVATE LIMITED,Active,ROC Mumbai,,2008-04-23,jewelrockrealty@gmail.com,https://www.zaubacorp.com/JEWEL-ROCK-REALTY-PRIVATE-LIMITED-U45203MH2008PTC181465,"1002, Excellency 2A, 4th Cross Lane, Lokhandwala Complex, Andheri West,   , Mumbai, Maharashtra, India - 400053",https://www.zaubacorp.com/JEWEL-ROCK-REALTY-PRIVATE-LIMITED-U45203MH2008PTC181465,d81098167db108dff0f92c82e575ebc0,2026-05-13 19:09:43
47,U72200TN2009PTC070684,RELIANT SOFTWARE SOLUTION INTEGRATED PRIVATE LIMITED,Strike Off,ROC Chennai,,2009-02-06,manian_acs@yahoo.co.in,https://www.zaubacorp.com/RELIANT-SOFTWARE-SOLUTION-INTEGRATED-PRIVATE-LIMITED-U72200TN2009PTC070684,"41A, VELLAIKOTTAI MELARATHA STREET,   , ARUPPUKOTTAI, Tamil Nadu, India - 626101",https://www.zaubacorp.com/RELIANT-SOFTWARE-SOLUTION-INTEGRATED-PRIVATE-LIMITED-U72200TN2009PTC070684,35c645016fa66d309e781b33ae817d58,2026-05-13 19:09:52
48,U74999UP2017PTC095536,HADRON PHARMA LAB SOLUTIONS PRIVATE LIMITED,Strike Off,ROC Kanpur,,2017-07-31,csankittrawall@gmail.com,https://www.zaubacorp.com/HADRON-PHARMA-LAB-SOLUTIONS-PRIVATE-LIMITED-U74999UP2017PTC095536,"PANDEY NIWAS, KARM BHOOMI A1 MAIN GALI GARHI SECTOR 121 NOIDA   , Gautam Budh Nagar, Uttar Pradesh, India - 201301",https://www.zaubacorp.com/HADRON-PHARMA-LAB-SOLUTIONS-PRIVATE-LIMITED-U74999UP2017PTC095536,a913d46ef540f78d189b8534c9944f04,2026-05-13 19:09:56
49,U51909UP2021PTC144433,ALHAMD EXIM PRIVATE LIMITED,Active,ROC Kanpur,,2021-03-30,khanamaan596@gmail.com,https://www.zaubacorp.com/ALHAMD-EXIM-PRIVATE-LIMITED-U51909UP2021PTC144433,"MOHALLA SIKRI GATE,15, ALHAMD EXIM PVT. LIMITED SEEKRI GATE TEHSIL CHANDAUSI, SAMBHAL   , SAMBHAL, Uttar Pradesh, India - 244412",https://www.zaubacorp.com/ALHAMD-EXIM-PRIVATE-LIMITED-U51909UP2021PTC144433,64b33d5aea839219700673e217c45b37,2026-05-13 19:10:01
50,U74999UP2017PTC099587,VPG SOLAR INFRATECH PRIVATE LIMITED,Active,ROC Kanpur,,2017-12-21,gmvpgarg@gmail.com,https://www.zaubacorp.com/VPG-SOLAR-INFRATECH-PRIVATE-LIMITED-U74999UP2017PTC099587,"C-150 Sector-48   , Noida, Uttar Pradesh, India - 201301",https://www.zaubacorp.com/VPG-SOLAR-INFRATECH-PRIVATE-LIMITED-U74999UP2017PTC099587,fc31772fd88529b2f16c3bb6c2bab6a9,2026-05-13 19:10:06
51,,Just a moment...,,,,,,,,https://www.zaubacorp.com/CHANDRA-AWAS-PRIVATE-LIMITED-U70101WB2006PTC108817,9fe8fa4f19f6cd9b5a7d8f379c714572,2026-05-13 19:10:10
52,U51109WB2008PTC122232,S.P.SARKAR DISTRIBUTORS PRIVATE LIMITED,Strike Off,ROC Kolkata,,2008-01-30,kkrbhatt@rediffmail.com,https://www.zaubacorp.com/S-P-SARKAR-DISTRIBUTORS-PRIVATE-LIMITED-U51109WB2008PTC122232,"KAJORA BAZAR   , KAJORA GRAM, West Bengal, India - 713338",https://www.zaubacorp.com/S-P-SARKAR-DISTRIBUTORS-PRIVATE-LIMITED-U51109WB2008PTC122232,368e0d1da93b7449cf7963e96ce86894,2026-05-13 19:10:20
53,U70101CT2010PTC021649,SHRI RAM DREAM HOMES PRIVATE LIMITED,Strike Off,ROC Chhattisgarh,,2010-03-11,vinz9786@gmail.com,https://www.zaubacorp.com/SHRI-RAM-DREAM-HOMES-PRIVATE-LIMITED-U70101CT2010PTC021649,"Lavan Road   , Baloda Bazar, Chattisgarh, India - 493332",https://www.zaubacorp.com/SHRI-RAM-DREAM-HOMES-PRIVATE-LIMITED-U70101CT2010PTC021649,d0d2072d6ef53b3e20e5a814a81bff8e,2026-05-13 19:10:24
54,,Just a moment...,,,,,,,,https://www.zaubacorp.com/PALGHAT-FINANCE-LIMITED-U65191TN1996PLC037122,50ab7485203a142d2cc05fe9d36e2430,2026-05-13 19:10:27
55,,Just a moment...,,,,,,,,https://www.zaubacorp.com/ARC-AND-LIGHT-MEDIA-PRIVATE-LIMITED-U74900MH2011PTC216217,1297e9d7e959ac01514000710be0173e,2026-05-13 19:10:31
56,U74999MH2018PTC308635,OVION MOBITECH PRIVATE LIMITED,Active,ROC Mumbai,,2018-04-26,accounts@sanghvirealty.com,https://www.zaubacorp.com/OVION-MOBITECH-PRIVATE-LIMITED-U74999MH2018PTC308635,"Plot. 46, 1st Floor, Veetrag House, Cawasji Patel Rd., Horniman Circle, Fort   , MUMBAI, Maharashtra, India - 400001",https://www.zaubacorp.com/OVION-MOBITECH-PRIVATE-LIMITED-U74999MH2018PTC308635,efc7ae81d9c1ba36f309dfb0bd28b3d6,2026-05-13 19:10:35
57,,Just a moment...,,,,,,,,https://www.zaubacorp.com/SPS-TECHNOTRENDS-PRIVATE-LIMITED-U74999HR2020PTC090791,bd1ba123e5886d49583f6578c65c7ba5,2026-05-13 19:10:41
58,U70102TG2002PTC038853,MURALIKRISHNA ESTATES PRIVATE LIMITED,Converted to LLP,ROC Hyderabad,,2002-04-26,kjeswanthrao@yahoo.co.in,https://www.zaubacorp.com/MURALIKRISHNA-ESTATES-PRIVATE-LIMITED-U70102TG2002PTC038853,"H.No.7-1-58, FLAT NO.105,SUREKHA CHAMBERS NEAR LAL BUNGALOW,AMEERPET   , HYDERABAD, Telangana, India - 500016",https://www.zaubacorp.com/MURALIKRISHNA-ESTATES-PRIVATE-LIMITED-U70102TG2002PTC038853,21d740b31dca20ca302d3d56006287ec,2026-05-13 19:10:47
59,,Just a moment...,,,,,,,,https://www.zaubacorp.com/KRV-FINANCE-AND-LEASING-LIMITED-U65921DL1995PLC072831,7732c6eaa9a615c8c3749b10a7968c0a,2026-05-13 19:10:49
60,U45200MP2011PTC026488,RODWAL REALITIES PRIVATE LIMITED,Active,ROC Gwalior,,2011-07-28,rodwal@yahoo.com,https://www.zaubacorp.com/RODWAL-REALITIES-PRIVATE-LIMITED-U45200MP2011PTC026488,"Flat No. 101, Siddhi Vinayak Plaza 282, Goyal Nagar   , Indore, Madhya Pradesh, India - 452001",https://www.zaubacorp.com/RODWAL-REALITIES-PRIVATE-LIMITED-U45200MP2011PTC026488,8bf7cee2735bb9fa1630b768f2234394,2026-05-13 19:10:56
61,U63023WB1973PTC028926,KALYAN COLD STORAGE PVT LTD,Strike Off,ROC Kolkata,,1973-08-02,,https://www.zaubacorp.com/KALYAN-COLD-STORAGE-PVT-LTD-U63023WB1973PTC028926,"KALNA NEBPARA   , BURDWAN, West Bengal, India - 000000",https://www.zaubacorp.com/KALYAN-COLD-STORAGE-PVT-LTD-U63023WB1973PTC028926,f09f6a82c817ee67c2d48362ebcd3d44,2026-05-13 19:11:02
62,,Just a moment...,,,,,,,,https://www.zaubacorp.com/MAHALWALA-POWER-PACKS-PRIVATE-LIMITED-U74899DL1987PTC029424,9a14c62fc43d8ccc86b1466612fe5ec0,2026-05-13 19:11:05
63,,Just a moment...,,,,,,,,https://www.zaubacorp.com/BEBE-DE-CHOLE-BHATURE-PRIVATE-LIMITED-U55100DL2020PTC372559,e5e5a60cb468e1144a53f5ac6dcde119,2026-05-13 19:11:08
64,U51900MH1998PTC116386,CALIBER INTERNATIONAL PRIVATE LIMITED,Strike Off,ROC Mumbai,,1998-08-31,,https://www.zaubacorp.com/CALIBER-INTERNATIONAL-PRIVATE-LIMITED-U51900MH1998PTC116386,"MOTLIBAI WADIA BUILDINGPREMISES CO OP SOCIETY LTD 22 D S A BRELVI RD FORT   , MUMBAI, Maharashtra, India - 400023",https://www.zaubacorp.com/CALIBER-INTERNATIONAL-PRIVATE-LIMITED-U51900MH1998PTC116386,802ec96a16e5a55fa9f52b6c35f7ce6b,2026-05-13 19:11:13
65,,Just a moment...,,,,,,,,https://www.zaubacorp.com/YUVAPAD-SKILLING-AND-ADVISORY-SERVICES-PRIVATE-LIMITED-U74999WB2019PTC232416,b47a3c056915fe0a91ecc14ada769c6f,2026-05-13 19:11:16
66,,Just a moment...,,,,,,,,https://www.zaubacorp.com/ADS-SQUAD-PRIVATE-LIMITED-U74999DL2020PTC362097,d86b0423e8a6af5aa80b6a88f68c8c5c,2026-05-13 19:11:20
67,U72200TG2013PTC086171,SQUEEZE MOBILITY TECHNOLOGIES PRIVATE LIMITED,Strike Off,ROC Hyderabad,,2013-03-06,narra.ajay@gvnka.in,https://www.zaubacorp.com/SQUEEZE-MOBILITY-TECHNOLOGIES-PRIVATE-LIMITED-U72200TG2013PTC086171,"Hno 2-56/33/38, Flat No 4, Ayyappa Society, Near Durgamma Temple, M adhapur  , Hyderabad, Telangana, India - 500081",https://www.zaubacorp.com/SQUEEZE-MOBILITY-TECHNOLOGIES-PRIVATE-LIMITED-U72200TG2013PTC086171,63b34db1ac6d50723ce9694e75fdef2c,2026-05-13 19:11:26
68,,Just a moment...,,,,,,,,https://www.zaubacorp.com/OLD-FRIEND-AND-CO-PVT-LTD-U51909WB1948PTC017100,31fd33f18397e9a689ebb6ae79b55267,2026-05-13 19:11:31
69,,Just a moment...,,,,,,,,https://www.zaubacorp.com/EZ-CAPITAL-SERVICES-PRIVATE-LIMITED-U74999PB2021PTC052928,ca3f7a78fa4f43fa64416f349fa52b07,2026-05-13 19:11:39
70,U74110PN1991PTC063163,AJJREE ENGINEERING INDUSTRIESS PRIVATE LIMITED,Active,ROC Pune,,1991-09-03,ajjree2014@gmail.com,https://www.zaubacorp.com/AJJREE-ENGINEERING-INDUSTRIESS-PRIVATE-LIMITED-U74110PN1991PTC063163,"J-12, MIDC Gokul Shirgaon,   , Kolhapur, Maharashtra, India - 416234",https://www.zaubacorp.com/AJJREE-ENGINEERING-INDUSTRIESS-PRIVATE-LIMITED-U74110PN1991PTC063163,fe4f830abe23262c09319aa0912b52fc,2026-05-13 19:11:42
71,,Just a moment...,,,,,,,,https://www.zaubacorp.com/G-H-ENTERPRISES-PRIVATE-LIMITED-U51909DL1994PTC057112,3ef0a6ffd0f538f3d656aeb26c7760e7,2026-05-13 19:11:46
72,,Just a moment...,,,,,,,,https://www.zaubacorp.com/SAURABH-PROPERTIES-PRIVATE-LIMITED-U45200MH1986PTC040430,7b2ca0b6416ac7f22df2d4499ade712e,2026-05-13 19:11:52
73,U51909WB2005PTC104359,DEEP TRADELINK PRIVATE LIMITED,Active,ROC Kolkata,,2005-07-25,kuldeepgarg503@gmail.com,https://www.zaubacorp.com/DEEP-TRADELINK-PRIVATE-LIMITED-U51909WB2005PTC104359,"86/1 DR SUNDARI MOHAN AVENUE   , KOLKATA, West Bengal, India - 700014",https://www.zaubacorp.com/DEEP-TRADELINK-PRIVATE-LIMITED-U51909WB2005PTC104359,e25daed15dd522be5c175fc56816bb28,2026-05-13 19:11:57
74,U93000MH2019OPC320944,CVJACK SERVICES (OPC) PRIVATE LIMITED,Active,ROC Mumbai,,2019-02-11,amruta.joshi@cvjack.com,https://www.zaubacorp.com/CVJACK-SERVICES-OPC-PRIVATE-LIMITED-U93000MH2019OPC320944,"C/O ANANT DATTATRAYA JOSHI,FARANDE NAGAR WADI BK   , NANDED, Maharashtra, India - 431606",https://www.zaubacorp.com/CVJACK-SERVICES-OPC-PRIVATE-LIMITED-U93000MH2019OPC320944,031d1cd6a517a6fb36cf7b930a45812b,2026-05-13 19:12:06
75,U55101TZ1997PLC008105,N K S HOTELS LIMITED,Active,ROC Coimbatore,,1997-09-19,udhayajewel@gmail.com,https://www.zaubacorp.com/N-K-S-HOTELS-LIMITED-U55101TZ1997PLC008105,"19 RANI ILLAMGOPAL NAGAR PEELAMEDU   , COIMBATORE, Tamil Nadu, India - 641004",https://www.zaubacorp.com/N-K-S-HOTELS-LIMITED-U55101TZ1997PLC008105,0e53bfe9273be126835f3c96de1b0ff6,2026-05-13 19:12:12
76,,Just a moment...,,,,,,,,https://www.zaubacorp.com/SHEEMEE-SALES-AND-SERVICES-PVT-LTD-U74140WB1996PTC076662,66872550b509c2d9bcae5b44420ebe95,2026-05-13 19:12:15
77,,Just a moment...,,,,,,,,https://www.zaubacorp.com/VIVAK-BHARTU-AND-CONSULTANTS-PRIVATE-LIMITED-U45200MH1995PTC086705,89d6eda3f8cde94b01f8eaf6f7d70ce1,2026-05-13 19:12:21
78,U51397MP2021PTC057697,L1-RTC INDIA PRIVATE LIMITED,Active,ROC Gwalior,,2021-09-29,vishu.c.chawla@gmail.com,https://www.zaubacorp.com/L1-RTC-INDIA-PRIVATE-LIMITED-U51397MP2021PTC057697,"FIRST FLOOR , PLOT NO 228 ZONE -I, MP NAGAR   , BHOPAL, Madhya Pradesh, India - 462001",https://www.zaubacorp.com/L1-RTC-INDIA-PRIVATE-LIMITED-U51397MP2021PTC057697,519dd667c529a6e48e27d8e46eec89d9,2026-05-13 19:12:25
79,,Just a moment...,,,,,,,,https://www.zaubacorp.com/NARMADLAXMI-COMMUNICATION-PRIVATE-LIMITED-U72200GJ2015PTC083580,9851ec9ce95a6f3ebdfa4fb704709f36,2026-05-13 19:12:28
80,U93000KA2010PTC052872,INTERCONNECT MEDIA PRIVATE LIMITED,Active,ROC Bangalore,,2010-03-17,compliances@gowhama.com,https://www.zaubacorp.com/INTERCONNECT-MEDIA-PRIVATE-LIMITED-U93000KA2010PTC052872,"No.312/A, 1ST MAIN, 40TH CROSS, 8TH BLOCK, JAYANAGAR   , BANGALORE, Karnataka, India - 560082",https://www.zaubacorp.com/INTERCONNECT-MEDIA-PRIVATE-LIMITED-U93000KA2010PTC052872,98a14dffeec3c43abe304d7e4ac9a9cd,2026-05-13 19:12:32
81,,Just a moment...,,,,,,,,https://www.zaubacorp.com/SAMPARK-MICRO-FINANCE-U65190TR2013NPL008382,4df0c2e8b65814f4c4e9fdbc1e05921f,2026-05-13 19:12:36
82,U65920UP2019PTC120791,FLIPZEE FOREX INTERNATIONAL PRIVATE LIMITED,Active,ROC Kanpur,,2019-09-03,manojagrawalcavns@yahoo.com,https://www.zaubacorp.com/FLIPZEE-FOREX-INTERNATIONAL-PRIVATE-LIMITED-U65920UP2019PTC120791,"Shop No. 6-9, PCF Plaza Nadesar   , VARANASI, Uttar Pradesh, India - 221002",https://www.zaubacorp.com/FLIPZEE-FOREX-INTERNATIONAL-PRIVATE-LIMITED-U65920UP2019PTC120791,74d7fa2124040a5569b466f6bf9806fd,2026-05-13 19:12:42
83,,Just a moment...,,,,,,,,https://www.zaubacorp.com/IRA-AARNA-REALITY-PRIVATE-LIMITED-U70102MH2008PTC180739,c53150a3cf5f70a3df4b6fdf9e4668ef,2026-05-13 19:12:46
84,,Just a moment...,,,,,,,,https://www.zaubacorp.com/AMBASRI-EXIM-PRIVATE-LIMITED-U51909KA2022PTC159003,9270f6064de3ab37b3b60e647e881db5,2026-05-13 19:12:50
85,U99999MH1937PTC002715,THE VARADA COMMERCIAL COMPANY LIMITED,Dissolved (Liquidated),ROC Mumbai,,1937-11-01,,https://www.zaubacorp.com/THE-VARADA-COMMERCIAL-COMPANY-LIMITED-U99999MH1937PTC002715,"NA AT POST DEUL GALLI LOHA  , NA, Maharashtra, India - 431708",https://www.zaubacorp.com/THE-VARADA-COMMERCIAL-COMPANY-LIMITED-U99999MH1937PTC002715,56cb1a17ea7e98ec23039f024b85bf75,2026-05-13 19:12:54
86,,Just a moment...,,,,,,,,https://www.zaubacorp.com/TRANSGLOBAL-RESOURCES-PRIVATE-LIMITED-U51101UP2015PTC069685,16b8e6601aec66c785f6b51ecc590df9,2026-05-13 19:12:57
87,,Just a moment...,,,,,,,,https://www.zaubacorp.com/SOUTH-EAST-CONSULTANTS-PRIVATE-LIMITED-U74899DL1988PTC031129,157b2a76abb6e29b0066b2f40c0c2a4f,2026-05-13 19:13:00
88,U74999AN2018PTC005426,SUKKREEV MULTITECH PRIVATE LIMITED,Active,ROC Andaman,,2018-12-06,bhakiyamexports@gmail.com,https://www.zaubacorp.com/SUKKREEV-MULTITECH-PRIVATE-LIMITED-U74999AN2018PTC005426,"SHRI S PANDI KUMARAN, PANIPATH ROAD LILLYPUR HADDO   , PORT BLAIR, Andaman & Nicobar, India - 744102",https://www.zaubacorp.com/SUKKREEV-MULTITECH-PRIVATE-LIMITED-U74999AN2018PTC005426,a549fd0d52cd0d3216efa12f87c5b8c3,2026-05-13 19:13:04
89,U80301MH2021PTC367207,CHARISMATRIX EDUCATION TECHNOLOGY PRIVATE LIMITED,Active,ROC Mumbai,,2021-09-08,danish143@gmail.com,https://www.zaubacorp.com/CHARISMATRIX-EDUCATION-TECHNOLOGY-PRIVATE-LIMITED-U80301MH2021PTC367207,"D/ 131, Steel Chember Tower, Plot No. 5, Panvel Raigarh, Navi Mumbai,   , Mumbai, Maharashtra, India - 410218",https://www.zaubacorp.com/CHARISMATRIX-EDUCATION-TECHNOLOGY-PRIVATE-LIMITED-U80301MH2021PTC367207,3c1d2af73992fc114770ebd962ddb943,2026-05-13 19:13:17
90,U70109WB2011PTC167115,NABADIGANTA INFRASTRUCTURE & HOUSING PRIVATE LIMITED,Active,ROC Kolkata,,2011-09-02,paribarestates@rediffmail.com,https://www.zaubacorp.com/NABADIGANTA-INFRASTRUCTURE-AND-HOUSING-PRIVATE-LIMITED-U70109WB2011PTC167115,"22/1, STATION ROAD, KHARDAHA, 1 NO. SURYASEN NAGAR P.O & P.S - KHARDAHA, DIST - 24PGS (N)   , KOLKATA, West Bengal, India - 700117",https://www.zaubacorp.com/NABADIGANTA-INFRASTRUCTURE-AND-HOUSING-PRIVATE-LIMITED-U70109WB2011PTC167115,4411681ff436cfc0e6567948ae2c4d5c,2026-05-13 19:13:23
91,,Just a moment...,,,,,,,,https://www.zaubacorp.com/RSSH-EDUCATIONAL-CONSULTANTS-PRIVATE-LIMITED-U80901BR2018PTC038775,2af621487bfdc4563b241420e4c17493,2026-05-13 19:13:27
92,U74210PN2000PTC015035,AREN DESIGN PRIVATE LIMITED,Strike Off,ROC Pune,,2000-06-26,,https://www.zaubacorp.com/AREN-DESIGN-PRIVATE-LIMITED-U74210PN2000PTC015035,"425 B/2 BANK OF BARODA HSG SOC CHATUSHRINGI RD   , PUNE, Maharashtra, India - 411016",https://www.zaubacorp.com/AREN-DESIGN-PRIVATE-LIMITED-U74210PN2000PTC015035,d225fd078d0db1fee019d8c20ae040a9,2026-05-13 19:13:36
93,,Just a moment...,,,,,,,,https://www.zaubacorp.com/GRB-FINANCE-PRIVATE-LIMITED-U65923BR1995PTC006393,e5ef26dbaaf708427077bd32eb37d727,2026-05-13 19:13:40
94,U91110GJ1994PTC023255,POJO INDUSTRIES PVT LTD,Strike Off,ROC Ahmedabad,,1994-10-12,,https://www.zaubacorp.com/POJO-INDUSTRIES-PVT-LTD-U91110GJ1994PTC023255,"1,RATNAM 3RD FLOOR,C.G.ROADELLISBRIDGE,AHMEDABAD.   , NA, Gujarat, India - 000000",https://www.zaubacorp.com/POJO-INDUSTRIES-PVT-LTD-U91110GJ1994PTC023255,d546663c1d5e8cc829b4cffa7b28c985,2026-05-13 19:13:44
95,,Just a moment...,,,,,,,,https://www.zaubacorp.com/SAKALYA-WISDOM-FOUNDATION-U80302KA2019NPL130539,eb00b7ad9038849fca3d1de480feeaa6,2026-05-13 19:13:47
96,U99999DL1993PLC054353,NIRMOLAX INDIA LIMITED,Strike Off,ROC Delhi,,1993-07-08,,https://www.zaubacorp.com/NIRMOLAX-INDIA-LIMITED-U99999DL1993PLC054353,"B-7, PUNJABI BAGHNANGLOI,NEW DELHI   , NA, Delhi, India - 000000",https://www.zaubacorp.com/NIRMOLAX-INDIA-LIMITED-U99999DL1993PLC054353,266ff3fb8c0d85b98570fbaef94879d4,2026-05-13 19:13:54
97,U72900GJ2011PTC067097,N-TECH TECHNOLOGIES PRIVATE LIMITED,Strike Off,ROC Ahmedabad,,2011-09-13,parmaramit1111@gmail.com,https://www.zaubacorp.com/N-TECH-TECHNOLOGIES-PRIVATE-LIMITED-U72900GJ2011PTC067097,"124-0406-03-0306-0012-E, PUJALAL NI CHALI, NR. HINDI MARATHI SCHOOL, AMRAPALI ROAD,  GOMTIPUR,  , AHMEDABAD, Gujarat, India - 380021",https://www.zaubacorp.com/N-TECH-TECHNOLOGIES-PRIVATE-LIMITED-U72900GJ2011PTC067097,13c3d4e6d1307b0e0b4d0648d21521c5,2026-05-13 19:14:02
98,,Just a moment...,,,,,,,,https://www.zaubacorp.com/PEAKLEVEL-INFRASTRUCTURE-PRIVATE-LIMITED-U70102WB2010PTC153280,c84be23acf7536dde03ea96a04d60b18,2026-05-13 19:14:10
99,U74900UP2011PTC044823,AVA HYDROPOWER CONSULTANTS PRIVATE LIMITED,Active,RoC-Kanpur,,2011-05-16,alokag50@yahoo.co.in,https://www.zaubacorp.com/AVA-HYDROPOWER-CONSULTANTS-PRIVATE-LIMITED-U74900UP2011PTC044823,V-1001 AMRAPALI SAPPHIRE SECTOR-45 NOIDA Gautam Buddha Nagar UP 201303 IN,https://www.zaubacorp.com/AVA-HYDROPOWER-CONSULTANTS-PRIVATE-LIMITED-U74900UP2011PTC044823,94f307852e42dcc863a5516331edff42,2026-05-13 19:14:18
